{
    "controller": [
        {
            "name": "安卓端",
            "type": "Adb"
        },
        {
            "name": "桌面端",
            "type": "Win32",
            "win32": {
                "method": "Search",
                "class_name": ".*",
                "window_name": "Visual Studio"
            }
        }
    ],
    "resource": [
        {
            "name": "Official",
            "path": [
                "{PROJECT_DIR}/resource/base"
            ]
        },
        {
            "name": "Bilibili",
            "path": [
                "{PROJECT_DIR}/resource/base",
                "{PROJECT_DIR}/resource/bilibili"
            ]
        }
    ],
    "task": [
        {
            "name": "收取荒原",
            "entry": "Wilderness"
        },
        {
            "name": "每日心相（意志解析）",
            "entry": "Psychube"
        },
        {
            "name": "常规作战",
            "entry": "Combat",
            "option": [
                "作战关卡",
                "复现次数",
                "刷完全部体力"
            ]
        },
        {
            "name": "活动：绿湖噩梦 17 艰难（活动已结束）",
            "entry": "ANightmareAtGreenLake",
            "option": [
                "复现次数",
                "刷完全部体力"
            ],
            "param": {
                "EnterTheShow": {
                    "next": "ANightmareAtGreenLake"
                },
                "TargetStageName": {
                    "expected": "17"
                },
                "StageDifficulty": {
                    "next": "ActivityStageDifficulty"
                }
            }
        },
        {
            "name": "领取奖励",
            "entry": "Awards"
        }
    ],
    "recognizer": {
        "StageDropsRecognizer": {
            "exec_path": "Python",
            "exec_param": [
                "{PROJECT_DIR}/exec_agent/StageDropsRecognizer/__main__.py",
                "my_custom_args"
            ]
        }
    },
    "action": {
        "StageDropsUploador": {
            "exec_path": "{PROJECT_DIR}/exec_agent/StageDropsUploador.exe",
            "exec_param": []
        }
    },
    "option": {
        "作战关卡": {
            "cases": [
                {
                    "name": "3-9 厄险（百灵百验鸟）",
                    "param": {
                        "EnterTheShow": {
                            "next": "MainChapter_3"
                        },
                        "TargetStageName": {
                            "expected": "09"
                        },
                        "StageDifficulty": {
                            "next": "StageDifficulty_Hard"
                        }
                    }
                },
                {
                    "name": "4-20 厄险（双头形骨架）",
                    "param": {
                        "EnterTheShow": {
                            "next": "MainChapter_4"
                        },
                        "TargetStageName": {
                            "expected": "20"
                        },
                        "StageDifficulty": {
                            "next": "StageDifficulty_Hard"
                        }
                    }
                }
            ]
        },
        "复现次数": {
            "cases": [
                {
                    "name": "x1",
                    "param": {
                        "SetReplaysTimes": {
                            "expected": "1"
                        }
                    }
                },
                {
                    "name": "x2",
                    "param": {
                        "SetReplaysTimes": {
                            "expected": "2"
                        }
                    }
                },
                {
                    "name": "x3",
                    "param": {
                        "SetReplaysTimes": {
                            "expected": "3"
                        }
                    }
                },
                {
                    "name": "x4",
                    "param": {
                        "SetReplaysTimes": {
                            "expected": "4"
                        }
                    }
                }
            ]
        },
        "刷完全部体力": {
            "cases": [
                {
                    "name": "Yes",
                    "param": {
                        "AllIn": {
                            "enabled": true
                        }
                    }
                },
                {
                    "name": "No",
                    "param": {
                        "AllIn": {
                            "enabled": false
                        }
                    }
                }
            ]
        }
    }
}