{
    "$schema": "http://json-schema.org/draft-07/schema#",
    "type": "object",
    "properties": {
        "controller": {
            "type": "array",
            "title": "控制器",
            "items": {
                "type": "object",
                "default": {
                    "name": "ADB 默认方式",
                    "type": "Adb",
                    "touch": 254,
                    "key": 65024,
                    "screencap": 16646144
                },
                "properties": {
                    "name": {
                        "title": "控制器名",
                        "type": "string",
                        "default": "ADB 默认方式"
                    },
                    "type": {
                        "title": "控制器类型",
                        "type": "string",
                        "default": "Adb"
                    },
                    "touch": {
                        "title": "点击参数",
                        "type": "integer",
                        "default": 254
                    },
                    "key": {
                        "title": "按键参数",
                        "type": "integer",
                        "default": 65024
                    },
                    "screencap": {
                        "title": "截图参数",
                        "type": "integer",
                        "default": 16646144
                    }
                },
                "additionalProperties": false,
                "required": [
                    "name",
                    "type",
                    "touch",
                    "key",
                    "screencap"
                ]
            }
        },
        "resource": {
            "type": "array",
            "title": "资源配置",
            "items": {
                "type": "object",
                "default": {
                    "name": "Official",
                    "path": [
                        "{PROJECT_DIR}/resource/base"
                    ]
                },
                "properties": {
                    "name": {
                        "type": "string",
                        "title": "资源名"
                    },
                    "path": {
                        "type": "array",
                        "title": "资源路径",
                        "items": {
                            "type": "string",
                            "default": "{PROJECT_DIR}/resource/"
                        }
                    }
                },
                "additionalProperties": false,
                "required": [
                    "name",
                    "path"
                ]
            }
        },
        "task": {
            "type": "array",
            "title": "任务列表",
            "items": {
                "default": {
                    "name": "启动游戏",
                    "entry": "StartUp"
                },
                "type": "object",
                "properties": {
                    "name": {
                        "type": "string",
                        "title": "任务名"
                    },
                    "entry": {
                        "type": "string",
                        "title": "任务入口"
                    },
                    "option": {
                        "type": "array",
                        "title": "任务选项",
                        "items": {
                            "type": "string"
                        }
                    },
                    "param": {
                        "$comment": "TODO",
                        "type": "object",
                        "title": "任务参数"
                    }
                },
                "additionalProperties": false,
                "required": [
                    "name",
                    "entry"
                ]
            }
        },
        "recognizer": {
            "type": "object",
            "title": "自定义识别器",
            "patternProperties": {
                ".*": {
                    "type": "object",
                    "properties": {
                        "exec_path": {
                            "title": "执行程序",
                            "type": "string"
                        },
                        "exec_param": {
                            "type": "array",
                            "title": "执行参数",
                            "items": {
                                "type": "string"
                            }
                        }
                    },
                    "additionalProperties": false,
                    "required": [
                        "exec_path"
                    ]
                }
            }
        },
        "action": {
            "type": "object",
            "title": "自定义动作",
            "patternProperties": {
                ".*": {
                    "type": "object",
                    "properties": {
                        "exec_path": {
                            "title": "执行程序",
                            "type": "string"
                        },
                        "exec_param": {
                            "title": "执行参数",
                            "type": "array"
                        }
                    },
                    "additionalProperties": false,
                    "required": [
                        "exec_path"
                    ]
                }
            }
        },
        "option": {
            "type": "object",
            "title": "选项定义",
            "patternProperties": {
                ".*": {
                    "type": "object",
                    "properties": {
                        "cases": {
                            "type": "array",
                            "title": "可选项",
                            "items": {
                                "type": "object",
                                "properties": {
                                    "name": {
                                        "title": "选项名",
                                        "type": "string"
                                    },
                                    "param": {
                                        "$comment": "TODO",
                                        "title": "选项参数",
                                        "type": "object"
                                    }
                                },
                                "additionalProperties": false,
                                "required": [
                                    "name",
                                    "param"
                                ]
                            }
                        }
                    },
                    "additionalProperties": false,
                    "required": [
                        "cases"
                    ]
                }
            }
        }
    },
    "additionalProperties": false,
    "required": [
        "controller",
        "resource",
        "task",
        "recognizer",
        "action",
        "option"
    ]
}